{
    "batch_size": 128,
    "best_valid_measure": 8375.763166973322,
    "epoch": 16,
    "last_improvement": 0,
    "last_improvement_epoch": 16,
    "learning_rate": 0.001,
    "num_increases_bs": 0,
    "num_reductions_lr": 0,
    "steps": 1024,
    "test_stats": {
        "TimeTakenSec": {
            "error": [
                213.18692362566168,
                211.1625349787715,
                207.69126409489414,
                202.07342354295324,
                193.9991884235774,
                183.46416054394575,
                170.6623575002757,
                155.96504104405602,
                139.8846717164755,
                123.00746185073886,
                105.93804018940229,
                89.26797379004466,
                73.54436897779279,
                59.22929220111243,
                46.657087099725686,
                36.00437611570219
            ],
            "loss": [
                54305.34340538156,
                53437.71923246582,
                51976.06815174239,
                49666.36457873842,
                46459.89898544332,
                42475.18394353771,
                37935.21217468019,
                33130.11435818262,
                28369.73974415527,
                23930.109175121306,
                20017.38266431407,
                16753.47441552713,
                14175.385724525806,
                12245.777486766652,
                10873.684991177768,
                9941.200292236435
            ],
            "mean_absolute_error": [
                213.18692362566168,
                211.1625349787715,
                207.69126409489414,
                202.07342354295324,
                193.9991884235774,
                183.4713320536502,
                170.75303522689677,
                156.3756164362318,
                141.08973476441884,
                125.69052747298191,
                110.95540637406263,
                97.82341665058448,
                86.94212133325982,
                78.53817941525143,
                72.49820647641431,
                68.33415323803484
            ],
            "mean_squared_error": [
                54305.34340538156,
                53437.71923246582,
                51976.06815174239,
                49666.36457873842,
                46459.89898544332,
                42475.18394353771,
                37935.21217468019,
                33130.11435818262,
                28369.73974415527,
                23930.109175121306,
                20017.38266431407,
                16753.47441552713,
                14175.385724525806,
                12245.777486766652,
                10873.684991177768,
                9941.200292236435
            ],
            "r2": [
                -0.04700069139326623,
                -0.04609895625406811,
                -0.04457930609892789,
                -0.042177782113403804,
                -0.03884463726711736,
                -0.03470460307403551,
                -0.029991648299188198,
                -0.02500948424269883,
                -0.0200817753262177,
                -0.015496231303322299,
                -0.011466935020635241,
                -0.00811932004912603,
                -0.0054895999308562145,
                -0.003536092062379276,
                -0.0021612351825177328,
                -0.0012398413429714585
            ]
        },
        "combined": {
            "accuracy": [
                0.0,
                0.0,
                0.0,
                0.0,
                0.0,
                0.0,
                0.0,
                0.0,
                0.0,
                0.0,
                0.0,
                0.0,
                0.0,
                0.0,
                0.0,
                0.0
            ],
            "loss": [
                54305.34340538156,
                53437.71923246582,
                51976.06815174239,
                49666.36457873842,
                46459.89898544332,
                42475.18394353771,
                37935.21217468019,
                33130.11435818262,
                28369.73974415527,
                23930.109175121306,
                20017.38266431407,
                16753.47441552713,
                14175.385724525806,
                12245.777486766652,
                10873.684991177768,
                9941.200292236435
            ]
        }
    },
    "train_stats": {
        "TimeTakenSec": {
            "error": [
                212.55806306427343,
                210.52586888991678,
                207.04438711076648,
                201.4110182544374,
                193.31240187592127,
                182.7416216671401,
                169.89303695703077,
                155.14098402856683,
                139.0023139529081,
                122.06755542930844,
                104.94557640339025,
                88.23206518557686,
                72.47776020154542,
                58.14730259546585,
                45.57587579338956,
                34.93890152193085
            ],
            "loss": [
                52919.4977275519,
                52050.89362486181,
                50587.58844122344,
                48276.77490480285,
                45070.257953568354,
                41086.2885087827,
                36548.580088441224,
                31748.748940547845,
                26997.847269991402,
                22572.18024505589,
                18677.330733325143,
                15433.907766244933,
                12877.069409470581,
                10967.42791119027,
                9612.199783503254,
                8692.296066975801
            ],
            "mean_absolute_error": [
                212.55806306427343,
                210.52586888991678,
                207.04438711076648,
                201.41206811010625,
                193.31707632469906,
                182.77501216354716,
                170.02491283990756,
                155.59447777357664,
                140.22994742084816,
                124.72338150449883,
                109.98938316661037,
                96.92484469285483,
                86.10627251575742,
                77.65817271613207,
                71.53164543523907,
                67.29729442645636
            ],
            "mean_squared_error": [
                52919.4977275519,
                52050.89362486181,
                50587.58844122344,
                48276.77490480285,
                45070.257953568354,
                41086.2885087827,
                36548.580088441224,
                31748.748940547845,
                26997.847269991402,
                22572.18024505589,
                18677.330733325143,
                15433.907766244933,
                12877.069409470581,
                10967.42791119027,
                9612.199783503254,
                8692.296066975801
            ],
            "r2": [
                -0.051358329065161454,
                -0.05036736878902434,
                -0.04869822931002669,
                -0.04606284944098289,
                -0.042406727180860505,
                -0.03786527842535842,
                -0.03269427188153554,
                -0.0272269375039295,
                -0.021818508593460045,
                -0.016784253701459657,
                -0.012358416197209463,
                -0.008677976501323332,
                -0.005782162845903497,
                -0.0036249938021126727,
                -0.002099573253457749,
                -0.001069162660991658
            ]
        },
        "combined": {
            "accuracy": [
                0.0,
                0.0,
                0.0,
                0.0,
                0.0,
                0.0,
                0.0,
                0.0,
                0.0,
                0.0,
                0.0,
                0.0,
                0.0,
                0.0,
                0.0,
                0.0
            ],